Algorithm,Accuracy
DecisionTree,98.32011675270367
RandomForest,98.99741882244597
