Algorithm,MAE
SVM,0.6820332651051959
RandomForest,1.174426788175948
