Algorithm,MSE
SVM,0.6485704934266884
RandomForest,3.3326035666648504
