Algorithm,R-SQUARED
SVM,0.37992454323646985
RandomForest,0.9996813814843944
