Algorithm,RMSE
SVM,0.8053387445210173
RandomForest,1.8255419925777798
